<?xml version="1.0" encoding="utf-8"?><feed xmlns="http://www.w3.org/2005/Atom" ><generator uri="https://jekyllrb.com/" version="3.7.4">Jekyll</generator><link href="http://localhost:4000/feed.xml" rel="self" type="application/atom+xml" /><link href="http://localhost:4000/" rel="alternate" type="text/html" /><updated>2020-07-01T21:46:00+09:00</updated><id>http://localhost:4000/feed.xml</id><title type="html">My Blog</title><subtitle>Write an awesome description for your new site here. You can edit this line in _config.yml. It will appear in your document head meta (for Google search results) and in your feed.xml site description.</subtitle><entry><title type="html">ViewRNote.md</title><link href="http://localhost:4000/jekyll/update/2020/01/26/ViewRNote.html" rel="alternate" type="text/html" title="ViewRNote.md" /><published>2020-01-26T00:00:00+09:00</published><updated>2020-01-26T00:00:00+09:00</updated><id>http://localhost:4000/jekyll/update/2020/01/26/ViewRNote</id><content type="html" xml:base="http://localhost:4000/jekyll/update/2020/01/26/ViewRNote.html">&lt;h2 id=&quot;r-markdown&quot;&gt;R Markdown&lt;/h2&gt;

&lt;p&gt;This is an R Markdown document. Markdown is a simple formatting syntax for authoring HTML, PDF, and MS Word documents. For more details on using R Markdown see &lt;a href=&quot;http://rmarkdown.rstudio.com&quot;&gt;http://rmarkdown.rstudio.com&lt;/a&gt;.&lt;/p&gt;

&lt;p&gt;When you click the &lt;strong&gt;Knit&lt;/strong&gt; button a document will be generated that includes both content as well as the output of any embedded R code chunks within the document. You can embed an R code chunk like this:&lt;/p&gt;

&lt;div class=&quot;language-r highlighter-rouge&quot;&gt;&lt;div class=&quot;highlight&quot;&gt;&lt;pre class=&quot;highlight&quot;&gt;&lt;code&gt;&lt;span class=&quot;n&quot;&gt;summary&lt;/span&gt;&lt;span class=&quot;p&quot;&gt;(&lt;/span&gt;&lt;span class=&quot;n&quot;&gt;cars&lt;/span&gt;&lt;span class=&quot;p&quot;&gt;)&lt;/span&gt;&lt;span class=&quot;w&quot;&gt;
&lt;/span&gt;&lt;/code&gt;&lt;/pre&gt;&lt;/div&gt;&lt;/div&gt;

&lt;div class=&quot;highlighter-rouge&quot;&gt;&lt;div class=&quot;highlight&quot;&gt;&lt;pre class=&quot;highlight&quot;&gt;&lt;code&gt;##      speed           dist       
##  Min.   : 4.0   Min.   :  2.00  
##  1st Qu.:12.0   1st Qu.: 26.00  
##  Median :15.0   Median : 36.00  
##  Mean   :15.4   Mean   : 42.98  
##  3rd Qu.:19.0   3rd Qu.: 56.00  
##  Max.   :25.0   Max.   :120.00
&lt;/code&gt;&lt;/pre&gt;&lt;/div&gt;&lt;/div&gt;

&lt;h2 id=&quot;including-plots&quot;&gt;Including Plots&lt;/h2&gt;

&lt;p&gt;You can also embed plots, for example:&lt;/p&gt;

&lt;p&gt;&lt;img src=&quot;/assets/plot1.png&quot; alt=&quot;&quot; /&gt;&lt;!-- --&gt;&lt;/p&gt;

&lt;p&gt;Note that the &lt;code class=&quot;highlighter-rouge&quot;&gt;echo = FALSE&lt;/code&gt; parameter was added to the code chunk to prevent printing of the R code that generated the plot.&lt;/p&gt;</content><author><name></name></author><category term="jekyll" /><category term="update" /><summary type="html">R Markdown</summary></entry><entry><title type="html">오늘의 일기</title><link href="http://localhost:4000/jekyll/update/2020/01/25/today_diary.html" rel="alternate" type="text/html" title="오늘의 일기" /><published>2020-01-25T19:00:00+09:00</published><updated>2020-01-25T19:00:00+09:00</updated><id>http://localhost:4000/jekyll/update/2020/01/25/today_diary</id><content type="html" xml:base="http://localhost:4000/jekyll/update/2020/01/25/today_diary.html">&lt;p&gt;:)&lt;/p&gt;</content><author><name></name></author><category term="jekyll" /><category term="update" /><summary type="html">:)</summary></entry><entry><title type="html">Welcome to Jekyll!</title><link href="http://localhost:4000/jekyll/update/2020/01/25/welcome-to-jekyll.html" rel="alternate" type="text/html" title="Welcome to Jekyll!" /><published>2020-01-25T18:37:25+09:00</published><updated>2020-01-25T18:37:25+09:00</updated><id>http://localhost:4000/jekyll/update/2020/01/25/welcome-to-jekyll</id><content type="html" xml:base="http://localhost:4000/jekyll/update/2020/01/25/welcome-to-jekyll.html">&lt;p&gt;You’ll find this post in your &lt;code class=&quot;highlighter-rouge&quot;&gt;_posts&lt;/code&gt; directory. Go ahead and edit it and re-build the site to see your changes. You can rebuild the site in many different ways, but the most common way is to run &lt;code class=&quot;highlighter-rouge&quot;&gt;jekyll serve&lt;/code&gt;, which launches a web server and auto-regenerates your site when a file is updated.&lt;/p&gt;

&lt;p&gt;To add new posts, simply add a file in the &lt;code class=&quot;highlighter-rouge&quot;&gt;_posts&lt;/code&gt; directory that follows the convention &lt;code class=&quot;highlighter-rouge&quot;&gt;YYYY-MM-DD-name-of-post.ext&lt;/code&gt; and includes the necessary front matter. Take a look at the source for this post to get an idea about how it works.&lt;/p&gt;

&lt;p&gt;Jekyll also offers powerful support for code snippets:&lt;/p&gt;

&lt;figure class=&quot;highlight&quot;&gt;&lt;pre&gt;&lt;code class=&quot;language-ruby&quot; data-lang=&quot;ruby&quot;&gt;&lt;span class=&quot;k&quot;&gt;def&lt;/span&gt; &lt;span class=&quot;nf&quot;&gt;print_hi&lt;/span&gt;&lt;span class=&quot;p&quot;&gt;(&lt;/span&gt;&lt;span class=&quot;nb&quot;&gt;name&lt;/span&gt;&lt;span class=&quot;p&quot;&gt;)&lt;/span&gt;
  &lt;span class=&quot;nb&quot;&gt;puts&lt;/span&gt; &lt;span class=&quot;s2&quot;&gt;&quot;Hi, &lt;/span&gt;&lt;span class=&quot;si&quot;&gt;#{&lt;/span&gt;&lt;span class=&quot;nb&quot;&gt;name&lt;/span&gt;&lt;span class=&quot;si&quot;&gt;}&lt;/span&gt;&lt;span class=&quot;s2&quot;&gt;&quot;&lt;/span&gt;
&lt;span class=&quot;k&quot;&gt;end&lt;/span&gt;
&lt;span class=&quot;n&quot;&gt;print_hi&lt;/span&gt;&lt;span class=&quot;p&quot;&gt;(&lt;/span&gt;&lt;span class=&quot;s1&quot;&gt;'Tom'&lt;/span&gt;&lt;span class=&quot;p&quot;&gt;)&lt;/span&gt;
&lt;span class=&quot;c1&quot;&gt;#=&amp;gt; prints 'Hi, Tom' to STDOUT.&lt;/span&gt;&lt;/code&gt;&lt;/pre&gt;&lt;/figure&gt;

&lt;p&gt;Check out the &lt;a href=&quot;https://jekyllrb.com/docs/home&quot;&gt;Jekyll docs&lt;/a&gt; for more info on how to get the most out of Jekyll. File all bugs/feature requests at &lt;a href=&quot;https://github.com/jekyll/jekyll&quot;&gt;Jekyll’s GitHub repo&lt;/a&gt;. If you have questions, you can ask them on &lt;a href=&quot;https://talk.jekyllrb.com/&quot;&gt;Jekyll Talk&lt;/a&gt;.&lt;/p&gt;</content><author><name></name></author><category term="jekyll" /><category term="update" /><summary type="html">You’ll find this post in your _posts directory. Go ahead and edit it and re-build the site to see your changes. You can rebuild the site in many different ways, but the most common way is to run jekyll serve, which launches a web server and auto-regenerates your site when a file is updated.</summary></entry></feed>